vote,created_at_str,comments,created_at_utc,title,created_at
1123,Thu Jul 22 23:25:03 2010 UTC,2360 comments,2010-07-22T23:25:03+00:00,Scott Gimple Megathread!,2010-07-22 23:25:03
74,Mon Dec 11 15:51:30 2017 UTC,47 comments,2017-12-11T15:51:30+00:00,[META] The Walking Dead Best of 2017 Survey,2017-12-11 15:51:30
2716,Mon Dec 11 03:28:59 2017 UTC,109 comments,2017-12-11T03:28:59+00:00,My daughter meeting a few of the cast in Wales,2017-12-11 03:28:59
51,last edited 6 days ago,37 comments,2017-12-11T03:34:33+00:00,So is the show beginning to end?,
32,Sat Dec 16 17:49:18 2017 UTC,2 comments,2017-12-16T17:49:18+00:00,[Spoilers] Guess we aren’t the only ones who thought the last episode was too “dark”,2017-12-16 17:49:18
60,Sat Dec 16 21:50:43 2017 UTC,11 comments,2017-12-16T21:50:43+00:00,[SPOILERS] 8x08: Random speaking guy in a car with part of the main cast. Wonder what's going to happen...,2017-12-16 21:50:43
32,last edited 7 hours ago,17 comments,2017-12-16T22:34:13+00:00,[SPOILERS] You think the show's becoming predictable by having all the big moments in episodes happen within the first 5 minutes or last 5 minutes?,
62,Sat Dec 16 23:26:48 2017 UTC,42 comments,2017-12-16T23:26:48+00:00,Maggie: A realistic portrayal of a Strong Woman,2017-12-16 23:26:48
48,Sat Dec 16 17:15:35 2017 UTC,23 comments,2017-12-16T17:15:35+00:00,I drew Rick from Season 2,2017-12-16 17:15:35
1028,Sat Dec 16 19:56:08 2017 UTC,113 comments,2017-12-16T19:56:08+00:00,[COMIC] I’d love to see this line in the show,2017-12-16 19:56:08
14,Sat Dec 16 14:44:51 2017 UTC,8 comments,2017-12-16T14:44:51+00:00,Why don't the saviours just do this,2017-12-16 14:44:51
5,Sat Dec 16 16:07:45 2017 UTC,2 comments,2017-12-16T16:07:45+00:00,random question,2017-12-16 16:07:45
21,Fri Dec 15 22:34:54 2017 UTC,33 comments,2017-12-15T22:34:54+00:00,[Comic and Show Spoilers] How the next few seasons might play out.,2017-12-15 22:34:54
•,Sat Dec 16 20:35:15 2017 UTC,1 comment,2017-12-16T20:35:15+00:00,"How would you like to see the Negan story arc resolve in the t.v, show?",2017-12-16 20:35:15
10,Sun Dec 17 01:34:25 2017 UTC,10 comments,2017-12-17T01:34:25+00:00,RE: Flash forward/dream sequence,2017-12-17 01:34:25
471,last edited 2 hours ago,107 comments,2017-12-17T03:15:52+00:00,[POSSIBLE SPOILERS] All Out War Battlemaps,
29,Sat Dec 16 16:10:16 2017 UTC,57 comments,2017-12-16T16:10:16+00:00,Would it be possible to retcon the death of [SPOILER] if there's a change of showrunner?,2017-12-16 16:10:16
98,Sun Dec 17 06:02:11 2017 UTC,53 comments,2017-12-17T06:02:11+00:00,Negan’s introduction,2017-12-17 06:02:11
57,Sat Dec 16 14:54:54 2017 UTC,35 comments,2017-12-16T14:54:54+00:00,Show and Comic Spoilers: How 8x09 will likely play out,2017-12-16 14:54:54
2,Fri Dec 15 14:50:52 2017 UTC,1 comment,2017-12-15T14:50:52+00:00,I just thought of something right after hearing Carols words from Nebraska [S2 Nebraska],2017-12-15 14:50:52
15,Sat Dec 16 05:15:53 2017 UTC,15 comments,2017-12-16T05:15:53+00:00,Another way of bridging the gap between end of AOW and a new beginning,2017-12-16 05:15:53
65,Fri Dec 15 22:51:54 2017 UTC,31 comments,2017-12-15T22:51:54+00:00,"So after the latest episode, can we conclude that...",2017-12-15 22:51:54
50,Sat Dec 16 00:36:22 2017 UTC,77 comments,2017-12-16T00:36:22+00:00,[Spoilers] Not sure if this was made clear in Mid Season 8 Finale,2017-12-16 00:36:22
1435,Sat Dec 16 20:49:58 2017 UTC,127 comments,2017-12-16T20:49:58+00:00,[Spoilers] Stephen King on episode 8x07,2017-12-16 20:49:58
0,Sat Dec 16 04:53:10 2017 UTC,20 comments,2017-12-16T04:53:10+00:00,[SPOILERS] Why I think ratings are down.,2017-12-16 04:53:10
30,Fri Dec 15 18:11:12 2017 UTC,29 comments,2017-12-15T18:11:12+00:00,"Rewatching ""Still""",2017-12-15 18:11:12
25,Fri Dec 15 18:50:56 2017 UTC,16 comments,2017-12-15T18:50:56+00:00,Would you be up for a TWD prequel type of show?,2017-12-15 18:50:56
